DF1;DF2;DF3;DF4;AA1;AA2REC;AA3;AA4REC;AA5;AA6REC;AA7;AA8REC;AA9;AA10REC;AA11;AA12REC;FP1;FP2;FP3;FP4;FP5;FP6;FP7;FP8;FP9;FP10
0.7547653287532589;1.7448583502428285;-0.8473350363325092;-1.4053617448423534;0.20132573391121517;-1.8713288146050813;0.027415898488870855;-0.6347470625071538;0.6916999212416367;-0.49290200591896044;-2.6961337417418494;-0.43157705062413376;-2.144350909634015;1.2021142554791808;-0.788240175896178;-0.25089854320451527;0.2715816981507839;0.4852208298732803;-1.1825836635714824;-0.8125990649635633;-0.39748037846514717;0.0040081183960536245;0.7130598309125502;0.6082603314621517;0.5317544058348985;-1.261695696312878
0.13596067221915265;1.1629191954590432;-0.7159042556927214;-1.493282088298612;-1.4769762972110174;-1.046944426363827;0.4612878513573551;1.5885191228325117;-1.946739344479789;-0.20033434228953362;0.40392331740517357;-1.1610019919160683;-0.03286079844658188;-0.06965232739419677;0.3095086736876983;0.05069043381059328;-0.22903838066542465;0.3029908286323594;-0.15892258153784153;-0.17453431043798448;-0.0557507232774562;-1.1025743424735717;-1.0561642842497263;0.603063989458576;1.6377972900863167;-1.0077072476147824
1.3163083198950403;0.49009491286475215;0.07530795202019623;-0.012886477998998109;0.7666950937432064;-0.742961756420465;1.319943900596845;0.1719576706422109;0.5572608875003857;-0.035829882065743786;-1.6896953012372349;-1.732195407349915;-1.3829865088039401;1.9697071992816264;0.08908771363214711;0.5074708873414452;0.5770605696146835;0.9131107497763695;-0.42566089916354927;-0.08956209682894418;-1.953199641893537;-2.4649611969128196;-0.5262662709243303;1.4214918986815448;0.12471803831597075;-0.003399572895800585
1.594819230447037;-0.7284095260701072;0.8739581289402502;-0.43730589226098265;0.022371349329618432;0.9658992278037273;1.696875908570641;0.011339153970036226;0.7287697958939496;0.8866097822354422;0.538257531668029;0.18549107360427997;0.787012148754461;0.48144628125557654;0.5243623853768256;-0.6851964726554802;-1.192369017703959;-0.4254741895379782;0.207186498464289;0.21034565280949005;1.8717215031580987;0.06443191159832665;0.5726998673887195;1.7868009977641912;-1.3023027069462099;-0.03799043560697225
0.7970673426635584;-1.1243420326347862;0.7109213032881696;-1.4417313485350542;0.8569833056270233;0.16293841912161164;-0.2609060550194506;-0.37236327917681233;-1.653185220867456;-2.2637443370922266;-0.5226941864635892;-0.03698678764439639;-0.10192752374721864;1.755348411037371;0.9851106304770647;0.39265335727352324;0.34580473618707464;-0.9488078787023277;-1.2329080387044047;0.8359839351419829;1.1990885484992597;-0.5493939013057452;0.4804814845855084;2.0062617426504232;1.7258870349852675;-0.6257923581740784
1.2520115114605126;0.5975730036333525;-1.8042618906815653;0.3131170900438019;0.6934372084834326;-1.442024178492631;-0.4157379228837403;0.3222016224197846;1.0222082203394738;-1.1833857767940732;0.118828575996687;0.6086215118128666;0.25411636903292384;-0.6152772955625209;0.8952272750293324;-0.31422165501666577;-0.338753101762741;-2.0485588211048484;1.776202332386085;1.947860741375475;-0.4289176375820317;1.233004103232877;0.6233036681703216;-1.6530828100938564;0.9421144919122693;0.5636265346433815
-0.4934555390510332;-2.9007473258176635;-0.2802563861765926;-0.26809225902781303;-0.06500851942928183;-1.778944243754458;0.4279862441754661;0.09091361780661995;0.9766327219959658;-0.2633126997397992;-0.7618796599071558;2.5931362085238314;1.4115816592895043;-1.3285946674182845;1.390325190423821;0.1383206066888276;0.3752186490798673;0.09540518249974643;0.44973797831646595;1.6474827314095417;-0.053485791756088114;-0.5298726692715385;0.37625857743105956;0.7549621879545093;-0.47972513269680367;0.24885824961032318
-0.45545307879254904;1.2396249743778502;1.436565523740602;-0.19146364457332873;0.6027637974426391;-0.06022412388949008;0.030695324741375204;0.3566808444289225;-0.5704104354390235;0.3030994343731131;-2.4550703618232426;0.2596142747021865;-1.3337522860373305;0.007294736757887886;-2.1245591418765963;2.226957266203698;0.24310540580494344;1.4942449430546623;0.9190606653145696;0.5036631069133171;1.0959717674438252;-1.6840940506432205;-1.5734730212101349;0.8208180211741696;0.6635817463296227;0.18557850499924414
0.17521403373232117;0.1819865225108519;2.1806586029202073;0.7535547578734304;-0.09210730514467681;0.9236531906159887;1.256991513379562;-0.06636065837593914;-0.10150953630358882;0.897248515077331;-0.866125277237803;3.342359163214178;-0.09399609019492305;0.6209199713768498;-0.009721612293499028;0.2928242536472837;-1.2616661957648698;-0.1119046138445209;-0.9270844189162832;-0.2947624571373371;-0.361790718213048;0.5177317257098736;-0.07891686923117573;-0.4195929132239842;-0.6920675147400199;0.011564233672586903
1.6001687072289625;-0.3175445854938179;-0.2560855008132731;-1.298694896247171;-0.06516592678452858;-0.3431534601602178;0.7287456190534033;1.2050447744560204;0.06934839913388252;-2.0033826706289073;0.1433614181436762;2.3144754117617348;2.4626670554879047;-0.21039415779348983;-1.187298932705872;-0.4779423702413655;0.1396284066910851;0.5551884629316547;0.7320729755312849;0.514974491983536;-0.31606948387492956;-0.41050193894676135;-2.6193884228796174;3.6510425159606523;-1.5407340005729733;1.4947534402657339
-1.1874984248525386;0.9009001061606042;-0.7976084932286133;0.60695012621507;-0.5117925851316737;0.6721035359416923;-1.6462412225041432;-0.17587756940850932;0.8081309282740319;0.3679216481558271;0.07670021627386778;0.26239083041925354;0.22167327195716893;0.8251861141115595;-0.09439231487066076;-1.8287348809676456;0.038647267786741206;0.7652738901027275;-0.9588494086237189;0.3329541104675544;1.0905203452670762;-0.9869521112372519;1.8847901144861048;-1.6207924556470397;0.7952420357459382;1.1046740046309955
0.5577147074798471;0.6780351828817073;0.5068353364294788;1.9496155161041147;0.5266569146460413;-1.607388049469289;-0.42483112151260777;-0.1505346037660266;0.1907215388532758;0.5637094615832696;-0.7548300401990482;-0.23165085724983775;-0.9299553780488642;2.2692941154836817;1.3035618687188009;0.27347127464403964;0.11241644409236926;-1.043859010886507;0.0459083822972107;0.5377224075371173;-0.10298097287318989;-0.9167255145925645;0.645989849422442;-1.9733375917797147;1.3627244649636263;-1.1163192753497402
0.07180539395022975;1.5268965774513341;0.6464472085244307;0.2085788019650883;1.2389835653180783;-1.6323301415869287;-0.0653281119122833;-0.9421126339928515;0.6101777557155342;0.9025214385802092;0.11850660064272914;0.14694120640222955;-0.27757739967287465;-0.7309426220133449;1.199997586508987;2.6471691152938193;-1.127750720048194;0.45068780693883803;-1.2310936428465784;-1.017448295154652;-0.8294574504766483;1.2159186830875715;0.9464901516710894;2.0954241774375815;0.6782774699318653;-0.39608943036757405
0.5473556389576866;0.7773082942588633;-0.25437671877184204;0.1850544438208509;1.8614859922245062;0.6142637659854988;-0.728310888476436;-0.7335735122479314;-2.426773738032171;-1.428250801364095;1.7470030164756372;0.21153008700605683;-0.0008424198423148524;-0.3370880258600429;0.42872115131269645;0.6632997853834091;1.4179674806772913;-0.8198911243211676;1.9695594712564233;-0.4019373931582621;0.9142388231003487;0.07384645905509087;1.1310308028025842;-0.07741089523550028;-1.2397956857941526;-0.298153454681778
1.1835825863550635;-0.8201449642750577;-0.43323516927839845;-2.222995286216735;-0.9508931223426871;-0.26421297421257867;0.33215615584071145;0.757634379647309;-0.6974930849987506;1.4867921459078757;0.931677109686588;1.5191528339527542;0.23023684897020574;0.6089055566842234;1.3414815483347888;-0.10548184418075487;-0.5664735535909089;0.7781477950343371;0.0209247783227329;1.984485597484128;0.20111583995101176;-0.4488741728361103;2.9488207075670805;-0.5005922231754648;-0.15826381547416074;-2.0025932327971003
-0.7668517700492808;0.07214485898113357;0.437161899745271;-0.6352276375960205;1.4298914292298988;1.1996617976874673;-0.24606438646897655;0.012048962693509345;-0.06803292650509934;0.5570618879795491;0.7787017324720922;-0.7755114503004875;0.15143554410372884;-0.3733568907453366;-0.286275256108106;-0.757016481094483;0.5421347191480106;0.8962032455771168;-1.0811840897210978;1.0320368427497146;0.7160179423084346;-0.6637179554880909;0.5902982166001931;-0.49295626821084837;-1.154260565907395;-1.050819669298955
1.1983273957626959;0.32551945200980675;-1.299250114424077;-0.9784882015095654;-1.1812250164023812;-1.7424594817477688;0.13022090746503115;-1.640406392405564;-1.4724977680806914;1.8002709985533605;-0.4773021607864845;0.5981835353014915;-0.9128235400833824;1.358963482914035;0.7969046349254658;-0.7335282029668782;-2.1365400507527967;-1.6103453168759747;-1.0333832536407657;-0.04994723156452285;-0.16012986854586259;-1.6437415189364486;-1.2706469759245265;-0.7728916918605323;0.7813663959944837;-0.6842267166373188
0.21403696268376446;-3.1259715903059826;-0.44526180841772145;-1.4318290090081263;0.725172017062949;0.36937523226516267;-0.3934130323940256;-0.12255146338407147;0.8529783934045762;0.6888851535690822;0.25486751396060736;1.2720741712339916;-0.6697485853234378;-0.06472869296642197;0.9718016080551539;-0.5015920606852716;1.0451857645379385;0.050181456145239625;-1.0665756924559142;-0.09488973519087504;-0.79338803134638;0.4146881309252665;-0.1423667210627318;-0.6551234731902313;0.2807898910732802;0.6708001150477498
-0.6286522922721717;-1.0270469700444012;-0.7910633566003834;-0.40713806708596684;0.47267622279673277;-1.075371041786569;1.3302449492722914;1.2699366154803873;0.9115076154538114;-0.25838727083199153;-0.06410448955382268;0.49431235087813014;0.6197119442090734;0.07842197893522486;-1.8732925566494292;2.2552336063367098;1.3495689452203732;-0.5917644175310243;0.45388235042064345;-0.32768637331659384;0.26806889277952267;0.11966739259078538;1.4188215708097616;-0.07056912619419299;-1.0142509585428099;-1.9672649994851943
-0.7939573055659636;-0.11648045415602146;-1.4673534722334551;-1.0163539609309427;-0.017975054566119364;-1.0058869619417519;0.9524094131291425;0.22454118794550176;0.5039268050082346;-0.9346183212834596;-1.5377790428127724;0.26765984991694075;-0.05401276456196277;1.878599892045687;0.5168482996279214;-1.3109822841770666;-0.9273788566839316;0.7879322935302226;0.8109976618229922;-1.0079383881791095;0.7388266470257266;1.628634309978035;0.23564372934471509;0.9940943175931238;-0.5774414699725222;-1.6047838837001474
0.07029504302214111;2.723233735295176;-0.29959258140081624;1.1387492051844015;1.1016003968492292;-1.162129709956342;-0.401827607830409;0.7362584243169337;0.07889343461447301;1.2462237696993053;1.5151560249611582;-1.8570517385257193;0.4824880295061604;1.4137107347629576;2.1354660659937417;-0.9000707221377037;-0.3523328444891645;1.340449617856246;0.795991838848918;1.281460249923211;-1.0718920728144687;-0.1704574756872997;0.9072383981255822;-0.450761800550487;-0.6082876120654854;2.1852969334471295
-1.2423041013348428;0.7273287792227002;-0.1083785495960764;1.3538931697189798;-0.044204614692845985;1.224970135753251;-0.2624327997528698;0.314498147926356;0.8498656685751752;0.2483748383839593;-1.1030997877699977;-0.362946128794943;-0.5719551876189609;0.5552609598789521;0.35864518094888753;0.0014923685547641836;0.3470896500722445;1.3265707442615653;1.0718925511323805;0.8817182030197018;0.5815535060061402;0.6490270178934093;-0.2668411991953578;0.6333573681094754;0.8465128045595429;-0.4352559426686248
-1.0832872241583962;0.9671060872307625;-0.3157717823045898;-0.6343174549244085;0.08155579589805526;0.611245623018684;0.8820815130745003;0.11877235839352718;0.20879733178112672;-0.9226404920837904;-0.6034180832634954;-0.7533389200603144;0.5057190476302398;-0.3712116706644736;-1.688280254254587;0.7532482173010575;0.4451810231750166;-0.3504778658477957;1.0710309539865097;0.3824017186288974;0.9654586447741257;-0.6858825038851395;-0.07440439001508078;-0.17873141254010882;1.0386869602813422;0.9455212952502573
0.5686674094554416;-0.4761655515113251;0.5914439893829951;0.5597539110446285;0.9302744461994862;0.1309850057329969;1.3860366936284412;-1.8264125031613008;-0.6791039104103874;-0.22632790366825137;-1.343249334846469;1.0852521584957617;0.34400324865473897;-0.25869008512540015;-0.7429801082340843;0.5382610359597627;0.6346306334911085;0.5328567293765794;-0.3619671386173362;0.6603616522684654;0.9586685643389639;-0.9259561361957636;0.3745099872002964;0.9073779526365714;0.4587590543590996;1.421587695690103
1.3367531221856552;0.8335972696881185;-0.47357994786882796;-1.6053122040302665;-0.14733854370649288;0.631364951748194;1.7255416558108392;0.5988766931917763;-2.0527209126953805;-0.2802694636486973;-1.985107986811483;3.305126813047093;-0.4340218928696519;-0.7472021257845003;-0.10689090501671548;1.5620173361984604;0.12710735995926997;-1.4439568688062565;-0.33677698432903974;-1.2907421907410697;-0.7364693722400826;-0.6005172147587742;0.5428443144707615;-1.9873976403675702;0.2387784626400768;0.8442661643153568
-1.358798614789603;-0.5949058619331917;-1.1350899069945704;-1.7669037399068903;-1.3510362465146057;0.24398401001949666;-0.37488572918918694;0.927229847968214;0.9228146690390252;1.6607612066462965;-1.023248455587011;-0.20860158154192945;-1.2688996050367527;1.0994527853585323;1.4546609973717692;0.1251708150868733;0.780765812190747;1.4466398962826006;-0.3929954143101649;1.5000169268063033;0.056755090991662246;-0.08266187973849329;0.33063281499634917;1.3820065767320355;2.019240278865345;0.22104116109562902
2.139785898049877;0.09414052243127329;-0.9121472129861347;-0.041242602407693646;0.11522867061009855;-0.30042188988473323;-2.504784251124788;0.16936601739273008;2.278994694536322;-0.40388127537588175;-0.3867010315606957;0.49481880125746897;-0.35911296405567295;-0.54450921297956;-1.0865370828803493;0.8071455508193985;0.5633436260093511;0.011822077265052734;-1.6858373754508305;0.1656221845993219;-0.40651959302159546;0.9631073072307538;-0.7208475516308946;0.7656637094371649;1.2161465874179447;0.6134431002729376
-0.14526321917556945;-0.06967621554086148;-1.3289963631773676;-1.2343838916660441;-1.1045481148984428;1.2021559956674226;0.35541551187401454;-0.5591056326940539;-0.9332671525344242;1.3012331898186618;-0.7234235553555058;-1.7220149425049305;-0.13131590788760758;-0.1046155618787514;-0.24196843299940315;-0.4561250160209875;-0.04481746808546979;1.5165702133948484;1.3820850415232486;-0.13643916605652334;-1.0462522161369732;0.050897348126366204;0.7364490276320339;-1.281726281893276;0.40974280481348496;-2.141373189022112
0.25527865122323;-1.3747349601969956;0.14324008884326714;1.145397849884584;0.5581537748640751;-1.036821903481049;0.37531083624645306;-0.4587498921084363;-0.1892095116272175;0.3575325810441197;0.935248718202224;-1.0927730932391764;-1.5494568387235164;0.2656100306226404;-1.0701146885215853;1.9229913279807467;1.4852865514646392;1.0296494918716288;0.39449920853960907;0.09221612382078644;0.19831499551754847;-0.43140904032208444;0.680085452933605;0.409989852429199;0.5582117650799264;-0.3244663378501963
-0.7497156395564476;-0.5506104445462977;-2.54994155934915;-0.9092728504230598;0.820206901348823;1.960441257183755;-0.19332379973059519;0.20741503536592185;0.3453774409659349;1.2167445935040981;-0.75772567136329;0.2685286900421077;-0.6695618852310469;1.1826698435397844;0.2949620701644814;0.023499758056024448;0.7205205861822115;-0.1647653756084747;-0.09798606813867865;-0.66119022164994;0.6602111555189253;-0.7016714384909627;0.09424519597624469;-1.338595265953449;-0.36264947551292587;-1.4807512587028973
-1.2089579834957285;0.9432791603848995;-0.33742739973715974;-0.25053575008072043;0.16576016912800362;-1.2340405073185623;-0.2954324529700165;-0.0822660648466623;-0.03268520087439205;-0.226487819164309;0.4975089574708508;0.6789461672860021;-0.5585271810180054;-0.16110265380625502;1.799152678747709;1.7940630978215226;-0.05682809186936582;1.1435997488543588;1.4904651454898008;-0.4470190542739501;-1.789721190600451;1.6133534265697247;1.385125977057558;-0.25147698999434215;-0.051826311898778316;0.18570361197148774
-0.38850165995005154;-1.3662015144984843;-0.5416226139529848;-0.24831825241738223;-0.5121840669345583;-2.4205474242345457;-0.6390532154102837;-0.18411840454362607;1.117649745591575;-1.5083574045531898;0.3567223016896548;-0.21920974833229132;0.34657529456078645;-0.11237382469827459;0.43501476004014555;1.1348957558862498;1.5968445005330514;0.5615299486747459;-0.7007477522414932;0.4194478344072482;-0.4747789053195988;1.6116721854187093;-1.8196676384114532;0.13724790538700388;-0.40096868111999046;-0.2363329151779161
-0.1518948262111213;-1.9908141594847444;-0.3744898814837419;-0.15326616516394984;0.9674821538901769;1.0990420105516934;0.7851790235659711;1.1670787398977645;-0.8182367142160691;0.17836534216656572;0.8093522240509428;-0.6325390573756822;-1.0375722655894744;-0.05650113995200806;1.4108420394388133;-0.2957247615080103;-1.9237331235033244;0.7181391737370251;1.1027963567939292;-1.2686798690393497;-2.027554261433164;-1.9236029658123872;-1.3912035467857937;-3.052437840511411;0.33604194413620275;-0.6105460578415357
-0.7669457623202687;0.8203300923800628;-0.8778031805173985;-0.707037296256112;1.8375391078982628;-1.6131132112313644;-1.0890768922519645;0.5256783227725281;-0.43395470125947555;0.3381026474299347;0.39271307396700095;0.6975080501675945;-0.42751359432667563;0.06173443905299541;1.1055972330484192;-0.3110834714291273;0.9570729823126273;1.0225743713115751;1.157861241035088;-0.983867515610216;-0.2294076777087951;-0.24259903464389856;-0.28349314736255243;-0.6646082754427622;-0.3675129744523924;0.21056551700663909
-1.5504922361055822;0.6182787202206512;1.158079765025545;1.461533229001389;1.432183972932493;-1.1055607710721593;-0.8640621741874271;-0.8115779206980318;-0.6985054547430128;0.5925833760577048;-0.7709647747056018;1.2067371106965803;0.12194876596420266;-0.6434498505448788;-0.5210813715971427;0.19566034137270788;1.065223178861274;-1.058987374599204;-1.4902651806361826;2.2715789298699702;-2.1591074787752254;-0.021268582824888152;0.8402820287703234;-1.3314490345157646;0.6662829888597581;0.22591283260669903
-0.6233869032277368;-1.815529872392549;0.16276988190465652;-0.9685108175033421;-2.7441292730010973;-1.074264812009179;-2.112933926101662;1.4944467892743325;-0.6016333063006248;1.4854369768116966;-0.3555756552454374;1.089316807871078;-1.0285399736577536;-0.14259509936546844;0.390047191914123;0.32661915246086065;-1.401382249631937;1.6319842130093398;0.35084015171209537;0.6772189061082949;0.5912401048321227;-0.7117032084203794;1.2282415901907398;1.2334590904858984;0.3231473259814617;-0.6816304056282428
0.32686404172590444;1.8511117079434958;1.2043242636105274;0.9920845328827727;-1.1261298733153664;0.3269181841253411;-0.7342621409246008;0.6620204624742797;-0.32815325302840603;-0.19360444254611783;0.4932561120516977;-0.9706557535728294;1.200313768072416;1.2639007701911311;0.4738382422388414;0.760473706876518;-0.5164830102331975;0.9237938955041765;-1.1657993576374943;-0.9556115663620313;0.039565726822402676;-0.3147524169708212;0.8661438795864473;-1.6786406038691122;-0.4780792462677542;-0.25612537696900883
-2.4202409081633;0.5193810480899096;-0.24768640753897406;0.02024289289066823;-1.0700624341530804;-0.3065395283326099;-0.20812466033626303;0.12860665534730834;2.0803907339877017;-0.6722115405028264;-1.4511007898858532;0.4292593565925873;0.05733998243535321;-0.04202164643827517;0.34443044199304707;0.9467682758473852;0.9374515040457914;-0.9555192941593234;-2.1753017072411285;-1.4330721091074625;1.7349567302929034;-0.6923230624303086;0.177771137008803;-0.0979244406655087;-0.5239784783196625;-1.2941037723329176
-1.7323717044430864;0.9195239511416775;0.7743449443361279;-0.2263822427278451;-2.1446226373182995;0.3845911482339141;0.7807560852819236;0.9922283198579873;-0.24744488554281546;0.6768204534598199;1.2444207515947991;0.646718030224207;-1.8086964344389656;-0.17245309305209353;-0.501536513764229;-0.2694495225199572;-0.3076697069117599;0.10220806721789227;-0.8361497022409999;0.6374801660101908;-0.11512328896522196;1.7205926754139147;-0.19564187733111085;-1.3378496804522482;1.456999722117188;-1.2018551325984936
1.0127111230558203;-0.46916105709911277;1.6731599449712249;-0.7825028352750641;-0.34965567601516884;0.257976580186013;1.1102912722652205;1.186386675405835;0.6813974703732676;1.8763251680311015;-0.9669127757238215;-0.488526726892348;-1.7502589629402805;0.9346904364736016;1.012833312176814;-0.6297821664833645;-0.4336897572838711;0.9584832136557392;1.2059216375687731;0.26970157512581194;0.17671444178843934;-0.7577371447646326;0.7784854866609775;0.17307921140455151;1.3804332811074094;-0.43880375785740994
-1.7010924351242693;1.102549147678101;-0.2513248143422829;-2.547087024542691;0.8418492201270644;-1.0452448824247131;0.7026103327959472;0.09946288139715347;-0.1899413709041549;-0.6672968578971992;1.456799823658652;1.1409443090338178;0.2350813368374069;-0.12181640321492451;-0.4206551848128452;1.259330551011928;1.3314212175415379;2.0566927620322857;-1.728269937707938;-0.7652981773482261;-0.21019658761632462;0.22799696684775658;0.6783929640961273;1.0683520716237824;0.3160905241417777;-0.8776580157268377
-0.300737938740181;0.8126530511419823;-1.005934676163851;-0.8870777361756862;-0.20983392811929236;1.2946991504396277;0.8305821370616929;-1.7185631472683054;1.0172172344413672;0.686796539801707;0.3199941006179111;-0.6717113387909708;0.47591321441766976;-0.15747391424380017;-0.5712933024131862;-0.8366422208837614;-1.3271051030579775;0.7240482979797471;0.4812055295344544;0.2619168068705942;-1.3430411812969199;-0.8681409113078585;0.1534965691131616;0.633016540474307;0.588971630849088;0.11587096855429053
1.8062947863540564;1.2500242945616307;0.3979021356606891;-2.0528556574822825;1.6259633706498653;1.2793186489682464;-0.07040283447259632;-0.14675578820348453;-0.8206026666960523;0.4013770020954565;-1.4413823573547153;0.6764450286573384;0.2620868669753613;-0.4255753823785144;1.1787248734959297;-1.0252005805521685;0.21443058349177552;-0.805438467328784;0.13167377167875483;0.48632586728729227;-0.0033813630959174702;-0.7150157407883192;0.2825382710292273;0.1534393326943133;1.1447073267807375;-1.1713226684284495
1.0207378027058054;0.5697627622031755;1.67815395196496;1.5627310962086887;0.7166739554811211;-0.14864920856461897;-3.7888098134216524;1.7541228270534743;-0.9508420564816235;-0.869892593281166;0.15135015821059714;0.38574064597272617;-0.07301940807184466;0.1647277061968139;1.3450206168609318;-0.2846043718460392;0.3218780706823286;-0.669446433470785;0.6029275671654408;-1.8366190592087126;-0.9395022795935033;1.1646347845841065;0.7823954637415748;-1.3986403857112382;1.0159159662170156;0.8098530913700195
-0.12462829487077993;-0.2136593898283733;-0.9963751243074291;0.4010021372249501;-0.12916880883043125;-0.7062804313083224;-0.014244992477755297;-0.9299346829463591;-0.06303135694195759;-0.26340285977035993;0.5853049146646883;-0.02008460666612262;0.7755688027211184;1.078744045584739;0.3612784359125999;0.24392371153478282;0.7934921612948582;1.3173711641477632;1.5200301548923818;-1.931431732295917;1.7286119137842133;-0.6969272219092532;0.22949618125425214;0.8917592157984722;-0.5896895672126844;0.11753753950478876
-0.26408354265815936;0.08313302289135344;0.12841599840358156;1.3224920875300166;2.480771876067263;0.7431455970529386;0.7275508915401646;-0.10224025960842618;0.28530117087646545;-0.36539925972034887;1.1308460054265965;2.0693905832129387;0.4005502634465014;-0.2684612552959796;1.1468282019470228;0.17328187521144034;0.610724471378642;-0.05948235979429217;0.4665612582931362;0.782060579528454;0.4062481496567059;1.3264321822344312;0.05376225239762232;0.9432386926047087;-0.5971122668894394;-1.0129888122013728
-0.8161658634737002;1.3310024685211097;-0.3552735664998005;-1.734509710385365;0.24494202526307282;-0.8033694489603379;1.963220082564054;0.4854451544689952;3.3956553607571833;-0.3486807043910048;1.3057878487666137;-0.22793400478003753;0.42221164454241367;1.3675567785832403;-0.35085004643454226;1.414688802443748;0.11527385495146875;-0.2063373524606527;0.06542785195774588;0.4871427493542379;0.27830977928715955;0.583901309524372;0.22491523401708982;-0.7885687978127882;0.2493228796425586;-0.38846630115590497
-0.23169292299870387;-0.8530955231672758;-0.1757016909295792;-1.1101668978848314;-0.4481613166459875;-0.2848141572306956;0.5194164849967491;1.098551644273021;0.6878453314724937;-0.771403110070868;-1.3840924899536036;1.977241528480473;1.4466281605177618;1.094209581222554;0.28907696723195336;0.6781918762883976;1.0492949642480907;-0.04852242960849248;0.07263433367691961;-0.6700630423164203;0.7082554287823991;0.23840906258537567;0.05005076097101332;-1.5714389540797262;-0.4833387170153909;0.08941840295944137
-1.7804715180875854;0.7612899482424165;0.5809068419186276;-0.2671670981247962;-1.948849003010301;0.1154019858297174;1.0097884164989437;-0.13293520794265848;-1.5536188584111197;-1.2282572618041303;1.1232644930315558;2.1809559646844354;0.25637368516000997;1.0434771026456042;-0.0057528421145599355;-1.0121090377173607;1.3562688900455377;2.076402048453592;-0.0673602714395579;0.8193980491637298;-0.3696398181774522;1.951700558026489;2.4935259999161095;-0.15534454182625596;0.7084439510016534;0.04823124248489531
-0.5954871806954593;2.1312284519402827;-0.44077710649303886;0.5715057731366872;0.10309767234552666;0.6584620736703872;0.421721098210642;1.6987875884140102;0.2884314475894652;0.9712511445771059;0.9163707335591732;-1.572731738474431;-1.337806969882877;-0.019789098494302198;1.9811184994672508;-0.6059307891122637;0.362954247811534;-0.5727477735744693;1.4370853482781265;-1.0291188239676732;-1.819991861284018;0.5159446670470869;-1.2053955546722877;-1.726310476064372;-0.3471830641566745;1.3666704478302119
1.2999280107643394;-0.8698410465531805;-0.21393963223942639;-0.27043888087582896;1.156726296027507;-0.2325739000438489;-1.3091678967149727;-0.11920406658948354;1.0558561874615608;-0.9338123371909208;-0.7006630176836699;0.4943618405398704;1.2745661196582647;-0.924873275280015;-0.9420289331001155;0.7066410856846155;-1.0041938689935404;1.7287750182909636;1.2057387859333668;-0.5783677149846954;0.8078576467361575;1.379956221985534;0.5966964656423871;2.4064385749273476;1.8709720320107046;-1.217625838555773
1.9853139659635612;0.7765184966249211;0.9175487655464092;0.2767146455787743;0.794087180822885;3.080546657562625;0.10904197425806794;0.6033703916395114;0.8763691591695225;-0.1828710297607323;-0.34333256098027837;-0.15746323344077545;1.1177389275486884;-0.9978285755467262;0.9880003499475049;0.27166904787448154;-0.7561912310547557;0.24648593275795605;0.6047932870785644;-0.35660497982656975;-0.8536130039574369;-0.7883774966271607;-0.44360473655471094;-1.0635348614752882;1.2275646011158;-1.5328974720668893
-0.3105526445410216;-3.3745929483626145;-2.5394545379560096;1.566350134838233;0.9489940068789628;-1.0899263838051818;0.7083882915169089;0.21710059243499827;0.39138083104898946;-0.6305101785483193;0.19053866445465897;0.4961953215007679;-0.08903665966131433;0.3400245593563163;-0.0724306371965203;0.3504550453676609;0.5376743792146044;0.013537688063961635;-2.708243904828339;1.4919889558680621;0.1474067872479999;-0.03426322200524024;0.48153598156023136;-0.7602781099080718;0.4385657031324633;1.095871555232143
-0.773952602371672;1.1387078253185132;-1.0499865078745005;-0.8045499405348245;-0.1663742066393993;0.10151500892603975;0.3696901920703796;-0.4414828549797758;-1.179645426363641;0.20364129889112134;-2.409770130928945;0.7349434908956477;-0.3141032949472239;-0.6030958315662291;-1.0056905849994868;0.6081448148434597;0.5647947128610937;-1.5652009890623446;0.13272752244849725;-1.1140973981444613;-1.2513704114455861;-1.4255016739761084;0.9278667467485103;2.2219820778068877;-0.9978859342930344;1.3127330181804324
-0.2659056819299797;0.1998033368509895;0.16289873614328046;0.4215754180618271;-0.04217751927162362;0.11031562331460949;1.6763850885059697;-1.0785933372964467;0.5400461788629674;0.8318407895678742;0.10109350456593563;-0.6535370301835952;-0.5039084675662441;-0.3771230511840972;0.12117945343538407;-1.5737212871786979;0.8839358672793343;-1.058692820265816;-1.112604062827466;-0.057792864301940826;1.9531101766642507;0.6334029235140461;0.8625029920848057;-0.4770075985130931;0.8917162338895877;-1.0557607082568827
1.5449088458734295;-0.23408532475520583;-1.1850686325397197;-1.332545288919927;-1.0962570563350396;-0.7827534326416564;0.16860174111545204;1.0509145251465066;0.402785366738581;0.3660821241445609;-1.048350688341397;-0.6584155199919484;-0.6479375105783581;-0.7583301271384361;-0.24435482934299174;1.0184732463186332;-0.25540750866485445;0.13552810466812515;0.9030891323185962;-1.5298839525474879;1.128915134189826;-1.0751794260042007;0.3676153407007331;-0.7222366873904185;-2.332441789134949;-0.44452662746120714
-0.43858346629378164;-0.44532403915607477;1.1636355123207784;-0.6837839866030359;-0.6066668406257059;-0.7108130555819951;0.39862641023183915;0.8469450769665483;-0.2377208405370485;0.017862595301553933;1.3168738282316246;0.06814944103379147;-1.7458970496515624;-0.8648734200245515;-0.3754534303691684;-0.6941461902912728;0.4511465866991848;0.6434010617534497;0.1354290316075743;-0.45967813958446657;-0.0477065191806173;1.8374700638349248;-0.09965422295670816;-0.20728726478214984;-0.09682500222846875;0.34119555828477766
0.6745493293137726;0.08104759369949882;-1.2597503210965548;-0.5419755855804824;-0.06778102796598433;1.5255981315389886;-0.22937080504781912;0.4960413257449274;0.03562469560077352;-2.7715853484382236;-0.4579513268205961;-1.1248030427030613;-0.7115056986112097;-0.32293413818276917;1.1976070028556638;-0.536596290315214;0.030229845638863946;0.1278650203169869;0.6108686184143839;1.8429251497329002;-0.21583589408639758;-0.3374716363100673;1.0783264501849414;0.1597200795382398;-1.5100468197391388;0.13224471664761597
1.8288102624430136;-1.6223324983187621;-0.39555311981885705;-0.611398756095951;-0.048675083474224175;-0.2681242594464956;-1.2002620956202146;-1.2115427786412092;-0.4426857647230306;-0.3883252556120594;1.240365276396003;-0.27828329412307584;-0.545801043839074;0.0352849409660078;-1.9504815546244072;-1.622089763021823;0.21549411283981035;0.9253857598606321;-0.8859330528547613;-1.3219374540765896;1.1917181564657904;-1.3768238279842484;-1.7900622725101207;2.2498675381332838;-0.17156174974377195;1.0231874162984769
0.3769057982024335;-0.6050509307114174;-1.7195302388650249;-0.5909285934607965;-1.6011958485255064;0.9685375589880157;0.025966463132499243;-0.6402836518696094;0.5686915633958981;-1.558475734376807;0.4755927262601342;1.0251399078971388;0.12984644876295284;0.06128720377983033;-0.40058838593240625;-0.24627201958701875;0.9430699481452287;-1.3586976645535023;-1.1405905685899183;-0.6811754187518493;-0.5321701583711965;-1.2595423411127686;0.07807951384765643;0.9149387369100007;0.8400542923568851;0.5713038171120474
-0.5551790365730184;0.21868906451824882;0.15165462835670834;0.8627950988618682;-0.514219702367923;-1.911917507792462;1.49962337213434;-1.3563264065315308;-1.159425422969259;-1.211578371480894;1.0112143316175441;0.998044052523178;0.0018420666717405044;-0.2602723652786594;-1.0816337416925035;0.08646938423315421;-0.09787224396704047;-1.1435617032083565;-0.10090350300844969;0.26842482036163295;-2.911421524344454;-0.15872523708572103;0.5896493519439228;1.8391091497643528;0.9364757818402001;0.7750746047169702
0.297044275943903;2.0438565067323657;0.2839080164874284;0.03280010063182827;0.09887595636769404;0.017083580624849857;-0.9401506513968155;1.4829476488914588;-0.8868780163425032;0.23157550657025117;0.21147033336022156;0.22576049106143473;-0.6363471413796299;0.7637977044932662;0.7907990249898461;0.4440143905880753;-1.4064355357524525;-0.7360462555255578;0.5331150911011874;-1.102082219449251;0.6911923518483057;-0.8466225467260574;2.8240546166875746;-1.5508999144507045;0.6628360881451022;0.0932896538622889
-0.9190554119459151;1.1561457857162314;0.701609352375963;-0.5209555714492758;-0.3068937209813269;0.5792222594063812;0.47087538212341523;1.8067007246750817;-1.0036230472094818;0.3792030203250673;-1.0997552605836665;0.6168162097997937;1.6318832900271276;0.7287693650934717;-0.31503669201104106;-0.8302031211311077;-0.08655422215308764;-0.10130127010860852;-0.32482890753108645;0.5229081605340048;-1.1160176091885052;-0.032050458140783354;0.44792657459193225;0.020129274640788865;0.7430199609085605;1.1582675144800043
0.3414714208883316;-0.3617641904184672;0.7492874601661926;-0.5252790600136239;-0.796635938046887;0.8643165292524713;-0.729593514747608;1.4166686928691716;-0.6933112898676379;-1.5196671211553734;-1.679631359509149;-0.8749868165788357;-0.9335356347442825;1.9812192326854108;0.7081377588761181;1.0980986526079786;1.0874643638873795;-1.0984257899577325;0.12610987488775938;0.6827451852457486;-0.007726145247419177;-1.1934611129219344;0.22754264390340934;-1.485783481341935;1.2063599483037042;-0.1355429624244194
-0.60044333835758;0.5660165905934869;-0.8333518311412724;-0.4628443755137479;2.185146062223255;-0.36323716259205807;0.5847204872377217;-0.5455742359127335;0.14785248897197278;0.5685225345528775;0.6306125220275224;0.011455563277989562;0.5989935956685997;-1.1274237101897229;-1.3765053068138744;-0.8521719562272544;1.3943386923930785;0.9985812477657864;-0.3738309425649444;-0.552647450708288;0.372361255559738;-1.2607353101235272;0.0720163867785365;1.3597155588973642;-1.8270478487263266;-1.2393568666826458
0.15783331065875136;0.7471397787765935;-0.931710242343162;0.7698417616932578;-0.3531877715143815;0.628609403091683;0.5557129660520534;-0.47009130012472217;0.4194058550867085;0.46419921638929534;1.0514982214163624;0.11814860512184475;0.314988186099578;0.639962627238338;0.19229908279437197;0.2655105409789214;-1.2346344433630578;0.9123938803644824;-0.8281855656904028;0.9069912802489765;-0.5759273388168645;-0.6718497966405513;-0.47207421624014134;-0.637863999527234;-0.3158758789106927;0.08443026729318635
-0.5982843445471498;0.44088685630355257;1.6424882182900735;-0.5554705693869056;1.5763066794875233;-0.2887414084739243;-0.2207493491994562;0.06437631247499329;-0.5614508009258058;-0.5786074755879425;0.7679533470608497;-0.6944268683256861;0.5824084855274303;1.2198079121049072;0.12079209213006749;-2.9077887833866947;1.030683265396115;-1.126927428111763;0.5508583416607803;-1.2106652088018186;-1.094251709585308;1.1871588962521251;-0.9500706538218904;-0.8465845554341122;-0.3096485783442612;0.4276009796095966
0.9811030915141896;-0.9972690237023263;-0.31568503580731166;-0.8191667927179695;-0.45320632403508126;-0.41469395990347124;-1.1657679249138344;-0.22981907217945463;-1.1908394729475775;2.0559570591855305;-1.3018783371106017;-0.7985041956140123;-1.0494829011860292;0.07616433334619992;1.2122745571795626;0.4496767445504434;1.189124902387078;0.8115195262630844;-0.3469872920038377;0.7659653040752274;0.2706190337962014;0.34146199037258956;0.03286464545115654;0.988657095819568;0.9357874320389581;0.49494312103107624
0.7994872361004319;-1.097873260358426;1.2156852513156118;1.0230252103087354;0.5427899637069521;-0.7016196663137929;-1.4256354659399417;-0.5799855553277393;-1.2261761388889318;2.2639328742935048;-0.2218206867520751;-1.56941922986046;-0.4598694500957589;-0.6121323238346162;0.39300773423717605;0.18555892017188813;0.9889824477769872;-1.0945587680992077;-0.1484751033566837;-0.9393233996789259;-0.6299621496590897;-0.8817721866117137;0.8244089977500434;-0.3514524676621192;0.6258009463801366;-0.5097452655548581
-0.9803625822183044;0.8582453152015589;-0.18410123956779767;-0.6747230795918363;0.5625281666564405;-0.39065723023531;-1.624836538672322;-1.6027786587124444;-0.1925188735607691;-0.4950989434191937;1.0085612147949143;0.21939645659771018;-1.170296494002557;0.7564347591102526;-1.438763173193774;1.2868056346611363;0.2983541342652663;-2.597738965990004;-0.19724779267446632;-0.20395943580727713;1.05621859315121;0.2314721889870806;1.0614467135085643;-0.16549845730163007;-1.4469720976916753;1.368398819752194
2.2752947398621144;-0.09350874670148326;-0.757382828134631;0.8195665468727901;-2.082448516296717;1.7115163595506637;-1.1079195552088004;0.5157720161416551;0.6661390625200283;0.22513236288620747;-0.5392931783875499;1.1592836460044171;-0.9669190358559873;-0.6056325002730173;1.5287122295845148;-0.6112996706070274;-2.290435967146726;0.5399898615276614;-0.34965427373204233;0.6731338202675501;0.041991819711336614;-1.706081997058844;-0.6506258130118319;-0.5594482266026773;0.20226540717197625;-1.78126438518817
0.11129457597244857;-0.25845694721321094;-0.17192940687969963;0.10863429897850962;-0.5364105470999981;-0.6245759977452632;-0.6720481808863515;-0.1590971940672138;1.398710464979912;0.5758661357984822;-1.1464190331189377;0.09120155097855479;-3.9628661427799785;0.09550742378190073;0.43573362753856604;1.5304279933680693;0.17738801645518004;0.6554035822446574;-0.13548160854740826;0.6229922781028571;-0.9473799739015483;-0.6219979126124148;-0.8656555108900252;-1.470746922054187;-0.5881354858019663;1.4221000292211354
1.9695591426069436;-0.9049261881144405;-0.02696613266946153;0.2871092906829894;-0.38532834611547256;-0.8445669327629062;-0.19626198585481755;0.1651070947090785;0.008758272008648312;-0.6638253916667014;0.2062960387900515;0.9425415035637693;-0.9315539904273513;-0.9021766059813587;0.4117521612796182;-1.1461348184776758;0.4155167761367882;-0.440427557204625;-0.0039096545972605486;-0.6669671051959234;-0.6949819190845602;-0.043380531972463526;-0.05569471695678271;-2.5102194503214617;1.6045888063595375;1.9566550988014129
-0.79019744322492;-0.8338555950585453;0.5286408088980733;0.33013690610398483;1.5169392655116283;1.395478469896971;2.210831359278332;0.7937893733702892;-1.1062269217227974;0.6835803899251717;-1.1696546605757154;-1.6667089310906305;0.061095244069740956;1.0991765887732734;1.4883618713143143;0.05290583607793037;-1.0623037708336263;0.8056343643791956;0.889043060968818;-0.9302296598048108;-1.0148215225289534;-0.5492738685917131;-0.004790934196466321;0.07439870222769757;0.3133592156869953;-1.066520480871922
0.12859604092227783;-0.9680663604557879;-0.9610138455773964;-0.6354609961448113;-0.9702774469903706;1.8711434896608843;2.5965183570204333;-0.9951735533000852;-1.8842609157781016;1.6112958128741677;-0.4882699701869892;1.925882690645966;1.3449366527154503;0.7918631834282691;-0.9240347374473216;-0.039260411603795266;-0.8190448859020604;0.7861647984017948;0.24990552763737386;-1.3028746133257774;-0.08827173450724415;0.1412415169029457;-0.24508112424335898;0.4271328896542657;-0.5761431700000104;0.044479776442733855
0.6444295310171799;-1.1376299626177633;-0.9421780936975634;0.015925477939033972;-0.5789326315749854;0.8973468815746711;3.184387828782225;-0.6959617449214597;0.554128363701597;-0.9117373162613027;-0.4849638871744348;1.9348950764495614;-0.2923099144388358;1.189741695902444;-1.5122087608940322;-0.8385593456739967;-1.4408452748990592;-1.9167844753248306;-0.24828674777395582;-0.7605307463542532;-0.9251177980009145;0.8784947003717954;1.0597622817369838;0.5738116856714133;0.08091026799282734;0.7304511018923814
0.7170333171218366;-0.5858334031767061;-1.2970086535941412;-0.270421290938198;1.0836871369235253;1.7982291638504198;0.42304379727179076;0.3966194727586825;-0.41807074374438735;-0.06524030519216918;-1.0269403784026265;-0.5491955826565277;-0.22133066469748205;0.9342867889378621;0.9608281132825748;0.47470210573071875;1.7424684106181794;-0.008886976449174836;0.11077246136586068;-1.0947337607533836;-1.792389042282946;0.25637636947131603;0.5219471649313745;0.5837460392842795;-0.8939244530670731;-0.9229502700391732
-0.3650082216129344;1.683381372059722;-0.1312351725753739;-0.18526873865571086;0.04018028598537906;-1.6865225803758;1.4462494081665451;0.6056820021160414;-0.598197450652888;0.8700503172687762;0.969553218983937;-0.10625868976442457;-1.1812343861918306;-0.6345647010079161;-0.6489656072164001;-0.5665857283760497;-0.9820964649690741;-1.0514639802411403;0.1875500640188304;1.5242324731177548;1.2311140899290582;0.23860306655316063;0.8678889780098442;1.5158139822717123;1.0771898440283212;0.2271317907921428
1.4714448810665295;-0.7150771280937998;0.2818961592074094;-1.694866541841096;-0.4713641750751184;-0.5364263727731451;-1.2073800756622801;-1.5525607875496024;0.6712845134537673;1.1519044369281601;1.318740140487952;0.9129761183264272;-0.26223994906448833;-0.0032243555430338682;-0.5445471897555428;1.7394274507702983;0.2629790858730563;-1.1440724942251443;1.5141178009968752;0.1336717718415195;-0.48682535120697784;-0.16831718453994912;0.23486977609317472;-0.05180346344080372;0.785677943644566;-0.14366847079785583
-0.4664082322108315;-0.7317938763550434;0.10938205986246602;0.5620593507924254;0.1466540111228027;0.3057715922396896;0.3028472661594952;1.8222797924551855;-0.4968849923787525;-0.2526541565937755;-0.5081887250800297;-0.8205565805534704;0.10746658371564936;-0.2381829245485544;2.007187979383932;-0.47461613995525687;-0.4964921765655809;0.5825820125441801;0.04859059361253657;-0.6612765290696594;1.3152098895127207;-0.6644902013412411;1.8722203891152462;0.27032526310683785;-2.142360990081194;-0.8520924864940486
-1.5560027379939771;-2.5939265401512057;0.09719122854830309;0.08567090126517872;0.41109918797162787;0.14823983114683362;-1.788717287181017;0.0018309014456060048;-0.7457737567022507;-1.0844582701846959;0.2574916337114239;0.08743835074518652;-1.3980758081283182;0.2827589246683268;-0.7075679361475118;1.688187657622665;-2.218104471253195;0.12996491634723983;-0.36288790648025004;-0.18266613262082404;-0.1329833500203567;0.7714714930656367;-1.318033666662893;0.4223456368283822;-1.3262124564614863;0.5042813827083935
0.41001824624093264;-1.0276955063029638;0.061201758728653;-1.6155002298678158;-0.8045335739942987;2.431700690589213;0.657361711047756;1.0091127336454242;0.8489407234865642;1.2010126664871015;1.3142865511842021;0.2111826958808705;0.6988563674630195;0.8156074746520479;0.044739600672440566;-0.7666210526017982;0.5075145102507982;0.2560526928033102;0.5837320759793513;-1.9783218208518405;1.1070842253483795;2.015757466464063;-1.516678132412974;-1.7206720354808156;-0.44469433314039836;-0.6250410639238821
0.8669296196256184;-1.426150829874209;-0.16325787796982127;0.2134449433522781;0.9648486834645994;-1.4051757959581304;-0.06573288865129633;0.6499076392663474;0.5783950939630652;-0.46841619594437783;0.9538306425184427;-0.19190005418799863;0.04432683937927646;-0.19180074323309745;-0.025921371859870125;-0.2366951162948222;-1.8314428251843282;-1.2595574985893068;-0.0865642607058423;-0.8779910050747491;1.0744566682919698;0.43579462948589626;-0.6392609936558502;1.918339267281741;-1.4269016854282035;0.3207741017125004
1.3738699271195656;-0.5394736341083556;-0.46325683941264645;0.2666915017986117;0.5850251150129814;0.4633144519864109;-0.8454507307041481;-0.36539240616352553;-0.6422999930455375;0.8519065331149273;0.1967042582520075;1.7981518923718802;-0.8947140994073625;-0.36778072459425953;-0.5959732635615933;1.6467475621029442;-0.7947357749576892;1.8040020870670137;-0.13225715348374345;0.9862223889381742;-1.8496860836369988;-1.1792617145371724;1.0512743807452594;0.7861225541506386;1.473119969612514;0.39044633731877165
1.2655608694435323;0.019732205145320765;2.14419231740986;-1.8981164463814424;0.8939947634867319;-1.238089207923823;-0.5837943914162075;-0.35193730325878547;0.8829983517763856;1.2482393839164418;-1.1469419890743724;0.7745323835510435;-0.5303193309059651;0.9037195104379839;0.3265980243588121;0.05671091684229819;-1.100501687609155;-2.861001423853417;-1.0854378990498992;1.0979421437069934;0.3723871334550604;1.206566202296898;-1.180127786311285;1.270008145747796;0.22821298523102462;0.7617412303810928
-0.7317484780875542;0.5221749017703168;0.3026243400653013;-0.3498977747105717;2.278609000840962;-0.15240174096471507;-1.0770728788630564;0.3751244015045568;0.46601979182893477;0.1282263088379598;0.99760813849701;-0.127496900688355;0.35976388887942445;0.3863408574984504;-0.49517287734043147;-1.8161161917970596;1.442618220076505;-1.9382644161691542;0.36137527123827057;-0.5641515345099434;0.36544232617003114;0.22740112535180232;2.419888264538599;-0.3248906290443693;-0.37158118850074945;-0.18547269188146664
0.6278188677049878;0.9470558326929385;0.1709653995651559;-1.8210165609080213;0.33350648885432016;-0.6180438355481271;0.2512978485685217;0.1385892947445538;0.11203506338398453;0.12701928938497092;-0.18468128856499214;-1.3016040290393576;-1.4599055550539122;-0.5856240375105509;0.7613992855375731;-0.5886955657722619;1.2802253504574692;-0.5233916887137141;-0.5159270559694018;0.8766844904343133;-0.6473484239858375;-0.8544114034885887;-1.3948894566516463;1.2353494953713227;0.96475058814667;0.604254931016631
-1.2369452318045282;0.3336050375559938;-0.5814504131575076;1.3723916673011443;0.4871708909012641;0.5101956978828213;-1.1262050941537123;0.4518858020850049;-1.5813919254328443;2.6723061575693725;0.6513083774440737;-0.2595205310165616;-2.7223614405124477;-1.6365175006069246;1.138167637413525;-1.7850561438515973;2.0593538211400313;-0.6665416514307004;-0.26574222327781777;0.0979965003604829;-0.050785866303885166;0.42854562463153995;-1.5345616093891215;-0.42440209685341845;0.8005502062486797;-2.0901278955026164
1.4911524754388983;-0.3063996897253705;0.30216380798659526;-1.9922683941114048;-0.09499706444031857;-0.25647354734710154;-0.4123411078243084;-2.31511717105596;0.39754940877335715;0.639244968957089;0.7682951285850042;-0.5274540851384272;1.063520853426823;-1.333218119768149;-0.9348982086353187;-0.11930277608472453;1.0892317694410332;1.0665745526860164;-0.3275303337991937;0.1580130745631286;-0.8674055758539001;-1.1709286265638634;-1.4588082754077258;0.1915948333047146;1.9241630342065175;2.029680799357118
-0.32088144468229884;0.6708364451562969;0.7970688662182098;-0.27301406291317615;0.20736012924601904;1.0350260633688986;-0.5317642119482108;-0.3900244936664035;1.1205765974526585;-0.04956702485252938;-0.5177632433667466;0.653066546886858;2.372616419388326;0.3157609754539686;-1.2169349396491256;0.53046827861209;-1.4551996825160867;-0.7893966731462129;-1.3744351756995843;0.8364513501313035;-0.3331682288731087;-1.7795353023295553;0.8626110976151399;-0.9364503918627269;-0.8840189413642675;-0.4208716313364778
-0.32553103911820386;0.5806573854454617;-2.088024622752406;-1.425258143216399;0.05360509760149012;1.0727358489890413;-0.24859511763933181;1.23499087032209;-1.2402797549515476;-1.3929709323663189;-0.7298516193156821;-0.4111785836992083;-1.6910540406954022;2.8314770809696785;0.5896236953325507;0.2581674959197423;-2.203175191602591;1.899441573691931;0.2691951785469027;-0.2504985005346199;0.6963687917536147;0.9085620791019274;-0.26520105165780045;-0.22034782296690764;-1.8757625809996084;-0.3674499206075713
0.8678984157583313;0.5979076347965289;0.8879691926918639;0.4829667112845952;-0.7201772763694336;1.0377720655008067;-1.3551810032173468;-0.12593414682695964;-0.8696175219103219;0.02903027776739913;1.2920086336513803;0.20217012136070128;0.6002146992941596;-1.299277833623107;0.08144737062944786;-0.13390209999447955;0.15438982007890267;0.30320781963448973;-0.7375276230441676;-1.2121497926769038;-1.8309412383023778;1.1397864097407715;-0.4277166786103591;0.28466916547813575;2.351383602932689;-0.054631188196800996
0.7275603560373197;-1.5418400538435952;0.5983810500590397;1.2922769473340534;0.11963570947892244;0.6480056450025313;-0.7482370213806018;0.9638029088883788;-0.5956115909040001;0.20190895014941787;1.2093177553674022;-0.224563622387019;1.2898937825207124;-0.5354186177245873;-0.1387291257364677;-0.37187442919929553;-0.30538743979730476;-0.612604051168276;-0.2851843073196333;1.093252521794198;0.966679600537567;0.07483247465346585;-1.300824971607799;0.3963740017122894;-0.34064746510112565;-1.3612301266898008
-1.1441124976567725;0.31211729263180704;-1.8873401657396136;-0.08296048356190051;-0.8728023597150373;-0.8228204808382846;-0.7103500680824069;-0.4076210226143175;-2.241477717796232;-1.0590575395136355;0.7142895079166537;-0.39314048285405956;0.9384287902402213;-1.079723601407843;0.5202336681553359;1.413575241858648;-0.2976405174853275;0.8545127991705793;1.4166411779321548;0.7101735140646115;-1.1833455346174608;1.9268233889575022;0.8306730938860318;-1.453755642760418;-1.1886604953719084;-0.49547405143864703
-0.8204559446223268;0.5139153300696264;0.2914478831377651;1.1962444780467771;-0.33193720846237657;-1.4686206901174415;-0.870121375954096;0.9792498198408139;0.3297671296257184;-0.8190426137359794;-0.49553952917099625;0.8795803472859285;0.8222724588183999;1.7920419970229762;0.11774129333514428;-0.020402084912358842;-0.31755013321137215;-0.3679197968773925;-0.06048389673314045;1.0183572614661442;-0.8239359078031018;-0.15311589598860792;-0.5693820794651585;1.1810165566278754;-0.15982937748071988;-0.1730952691109435
-1.2576482477852873;-1.4591398238158575;-2.111855893522495;-1.5991121699040558;0.056326238161681766;-1.1977289470269428;-1.6531238097436447;-0.285731207920383;-2.0325597199135297;-0.6074830982966841;0.31010662288995017;0.11728017867557938;-1.3267963113266201;0.5047243702353633;0.42863371965579244;0.7717026669370565;0.2684955054582595;1.1308933922238547;0.749844363354453;-1.3531792509834477;1.0413899515635308;0.3751014603588395;-0.9503711546132048;-0.06724761845192934;1.356016095130426;1.3558701776647837
-0.08240622708335824;1.1666674336903815;0.38485486686772447;0.9558490460769516;-0.3718261866436451;-0.763089543120719;-0.4351564797745334;-1.9063601761796878;-0.05938189604193832;-1.1924335239606245;0.4223081534572031;0.49274860875165005;0.6023996926466226;-0.09902404624041349;0.611400251790193;-0.10026316215952878;0.49293962887889375;0.1223458320601132;-0.9758460231200784;-2.2681428462345505;0.45240315177389334;-0.7768036335379863;0.11286284120251364;-1.5932677913411164;0.4993988087768788;-1.2350382741037143
-0.1850421303102227;0.17995625555720182;-0.846224714991939;-0.3467865535941865;0.41221725553667243;-0.7569270691694173;2.2645115785993393;-0.5265767074566443;-0.004733888443972452;-2.155241405655694;1.2345410268486439;-0.03626161869080754;-0.29319504277023667;-0.07954754676707841;-1.6010210964794935;-0.736172100748463;-0.6964794396024213;1.1541402164311807;2.2174587172247504;-0.4124865142826615;-0.05046621807132491;-0.6378665935434752;0.11061147100378259;-0.4593609533290664;0.9678438101779621;0.4462945756938939
-1.1904503282616068;0.47530555408235964;-0.739490680554081;-0.6279861883833396;-1.8146092426569886;0.36512509857894776;-1.489164216299492;1.4702070732837693;-1.1458317483063094;-0.48912973043314717;-1.1365964665333028;-1.2612414647950687;1.7881124806362128;-1.1274790444453722;0.08037138877506396;-0.8342589518635113;1.325085210096805;0.150137906908125;-0.6839606122904496;0.5038707973407176;0.5411100832436236;0.7455185788752033;-0.09780232214128326;0.6154710744652274;0.47757734559874465;0.5520656522636582
-0.8970650463163407;1.5108926835351755;-0.06552184257137698;1.8627485737806835;-0.30562673569258425;0.2293072662571507;-0.7297533891053587;1.705137588588131;-0.7175397108972413;2.320940018721138;2.1639432189667533;1.3572701666538407;-1.7837809116795034;1.052798544570074;-0.6313339571442481;0.12897011159306926;-0.7131579892951465;-0.923113444134961;-0.40567488803880764;0.1394500128056867;-0.9166362782390496;0.6298865977310709;-0.17688754695945041;-1.4574646834600895;0.5845997373169447;1.3393621403365952
